USERNAME,PASSWORD,FIRST NAME,LAST NAME,STREET,CITY,STATE,ZIP,CCNUMBER,CVV,EXP DATE,STORE NAME,CHAIN NAME,DRONE ID,DRONE STATUS,DRONE ZIP,DRONE RADIUS
mmoss7,password2,Mark,Moss,15 Tech Lane,Duluth,GA,30047,,,,,,,,,
lchen27,password3,Liang,Chen,40 Walker Rd ,Kennesaw,GA,30144,,,,KSU Center,Moss Market,103,Available,30144,3
jhilborn97,password4,Jack,Hilborn,177 W Beaverdam Rd,Atlanta,GA,30303,,,,Park Place,Publix,114,Available,30303,8
jhilborn98,password5,Jake,Hilborn,4605 Nasa Pkwy,Atlanta,GA,30309,,,,The Plaza Midtown,Publix,105,Available,30309,4
ygao10,password6,Yuan,Gao,27 Paisley Dr SW,Atlanta,GA,30313,,,,North Avenue,Whole Foods,106,Available,30313,6
kfrog03,password7,Kermit,Frog,707 E Norfolk Ave,Atlanta,GA,30318,,,,Piedmont,Sprouts,117,Available,30318,9
cforte58,password8,Connor,Forte,13817 Shirley Ct NE,Atlanta,GA,30332,,,,Tech Square,Query Mart,118,Available,30332,5
fdavenport49,password9,Felicia,Devenport,6150 Old Millersport Rd NE,College Park,GA,30339,,,,College Park,Moss Market,109,Available,30339,5
hliu88,password10,Hang,Liu,1855 Fruit St,Atlanta,GA,30363,,,,Atlanta Station,Publix,110,Available,30363,5
akarev16,password11,Alex,Karev,100 NW 73rd Pl ,Johns Creek,GA,30022,,,,North Point,Whole Foods,111,Busy,30022,5
jdoe381,password12,Jane ,Doe,12602 Gradwell St,Duluth,GA,30047,,,,Norcross,Kroger,102,Available,30047,7
sstrange11,password13,Stephen,Strange,112 Huron Dr,Kennesaw,GA,30144,,,,Owl Circle,Trader Joe's,113,Available,30144,6
dmcstuffins7,password14,Doc,Mcstuffins,27 Elio Cir,Atlanta,GA,30303,,,,Park Place,Publix,104,Busy,30303,8
mgrey91,password15,Meredith,Grey,500 N Stanwick Rd,Atlanta,GA,30309,,,,The Plaza Midtown,Publix,115,Available,30309,7
pwallace51,password16,Penny,Wallace,3127 Westwood Dr NW,Atlanta,GA,30313,,,,GT Center,Query Mart,116,Available,30313,3
jrosario34,password17,Jon,Rosario,1111 Catherine St,Atlanta,GA,30318,,,,Piedmont,Sprouts,107,Available,30318,8
nshea230,password18,Nicholas,Shea,299 Shady Ln,Atlanta,GA,30332,,,,Midtown,Kroger,108,Available,30332,7
mgeller3,password19,Monica ,Geller,120 Stanley St,College Park,GA,30339,,,,College Park,Moss Market,119,Available,30339,7
rgeller9,password20,Ross,Geller ,4206 106th Pl NE,Atlanta,GA,30363,,,,Atlanta Station,Publix,120,Available,30363,7
jtribbiani27,password21,Joey ,Tribbiani,143 Pebble Ln,Johns Creek,GA,30022,,,,Abbots Bridge,Sprouts,101,Available,30022,5
pbuffay56,password22,Phoebe ,Buffay,230 County Rd,Duluth,GA,30047,,,,Pleasant Hill,Wal Mart,112,Busy,30047,6
rgreen97,password23,Rachel,Green,40 Frenchburg Ct,Kennesaw,GA,30144,,,,,Kroger,,,,
cbing101,password24,Chandler ,Bing,204 S Mapletree Ln,Atlanta,GA,30303,,,,,Publix,,,,
pbeesly61,password25,Pamela,Beesly,932 Outlaw Bridge Rd,Atlanta,GA,30309,,,,,Wal Mart,,,,
jhalpert75,password26,Jim ,Halpert,185 Dry Creek Rd,Atlanta,GA,30313,,,,,Trader Joe's,,,,
dschrute18,password27,Dwight ,Schrute,3009 Miller Ridge Ln,Atlanta,GA,30318,,,,,Whole Foods,,,,
amartin365,password28,Angela ,Martin,905 E Pinecrest Cir,Atlanta,GA,30332,,,,,Sprouts,,,,
omartinez13,password29,Oscar,Martinez,26958 Springcreek Rd,College Park,GA,30339,,,,,Query Mart,,,,
mscott845,password30,Michael ,Scott,105 Calusa Lake Dr,Denver,CO,80014,6518 5559 7446 1663,551,2/24,,,,,,
abernard224,password31,Andy ,Bernard,21788 Monroe Rd #284,Johns Creek,GA,30022,2328 5670 4310 1965,644,5/24,,,,,,
kkapoor155,password32,Kelly ,Kapoor,100 Forest Point Dr,Duluth,GA,30047,8387 9523 9827 9291,201,2/31,,,,,,
dphilbin81,password33,Darryl ,Philbin,800 Washington St,Kennesaw,GA,30144,6558 8596 9852 5299,102,12/31,,,,,,
sthefirst1,password34,Sofia,Thefirst,4337 Village Creek Dr,Atlanta,GA,30303,3414 7559 3721 2479,489,11/21,,,,,,
gburdell1,password35,George,Burdell,201 N Blossom St,Atlanta,GA,30309,5317 1210 9087 2666,852,1/22,,,,,,
dsmith102,password36,Dani,Smith,1648 Polk Rd,Atlanta,GA,30313,9383 3212 4198 1836,455,8/29,,,,,,
dbrown85,password37,David,Brown,12831 Yorba Ave,Atlanta,GA,30318,3110 2669 7949 5605,744,10/22,,,,,,
dkim99,password38,Dave,Kim,1710 Buckner Rd,Atlanta,GA,30332,2272 3555 4078 4744,606,8/29,,,,,,
tlee984,password39,Tom,Lee,205 Mountain Ave,College Park,GA,30339,9276 7639 7883 4273,862,8/31,,,,,,
jpark29,password40,Jerry,Park,520 Burberry Way,Atlanta,GA,30363,4652 3726 8864 3798,258,12/30,,,,,,
vneal101,password41,Vinay,Neal,190 Drumar Ct,Johns Creek,GA,30022,5478 8420 4436 7471,857,9/29,,,,,,
hpeterson55,password42,Haydn,Peterson,878 Grand Ivey Pl,Duluth,GA,30047,3616 8977 1296 3372,295,4/23,,,,,,
lpiper20,password43,Leroy,Piper,262 Stonecliffe Aisle,Kennesaw,GA,30144,9954 5698 6355 6952,794,4/22,,,,,,
mbob2,password44,Chuck,Bass,505 Bridge St,New York,NY,10033,7580 3274 3724 5356,269,5/27,,,,,,
mrees785,password45,Marie,Rees,1081 Florida Ln,Atlanta,GA,30309,7907 3513 7161 4248,858,8/27,,,,,,
wbryant23,password46,William,Bryant,109 Maple St,Atlanta,GA,30313,1804 2062 7825 9689,434,4/30,,,,,,
aallman302,password47,Aiysha,Allman,420 Austerlitz Rd,Atlanta,GA,30318,2254 7887 8863 3807,862,4/21,,,,,,
kweston85,password48,Kyle,Weston,100 Palace Dr,Birmingham,AL,35011,8445 8585 2138 1374,632,11/30,,,,,,
lknope98,password49,Leslie ,Knope,10 Dogwood Ln,College Park,GA,30339,1440 2292 5962 4450,140,4/31,,,,,,
bwaldorf18,password50,Blair ,Waldorf,1110 Greenway Dr,Atlanta,GA,30363,5839 2673 8600 1880,108,12/29,,,,,,
